"Loan_ID","Customer_ID","Collateral_ID","Right_ID","Loan_Type","Interest_Rate","Loan_Term","Disbursement_Date","Maturity_Date","Disbursement_Amount","Outstanding_Balance","Industry_Code","Loan_Status","Payment_Schedule","Penalty_Rate","Penalty_Spread","Opening_Branch","Created_At","Update_At"
"LDPD00000000001","CUS0000000001","COL000000000272","COLR0000000000000001","Unsecured",6.17,"001M","2024-04-20","2024-09-11",249827706,0,"IND04","Repaid","Bullet Payment",\N,\N,"VN00000018","2024-04-20 07:24:41","2024-04-20 07:24:41"
"LD0000000000002","CUS0000000003","COL719165297156","COLR5920351530043758","Secured",3.06,"014D","2023-09-28","2024-02-16",349817734,349817734,"IND17","Active","Annual",\N,\N,"VN00000001","2023-09-28 05:12:08","2023-09-28 05:12:08"
"LDPD00000000003","CUS0000000004","COL278887849408","COLR1735605099034963","Unsecured",7.84,"023M","2023-08-25","2024-04-25",336696312,0,"IND15","Repaid","Annual",\N,\N,"VN00000009","2023-08-25 16:38:19","2023-08-25 16:38:19"
"LD0000000000004","CUS0000000005","COL084098159178","COLR8312657459108216","Overdraft",6.75,"006M","2024-05-29","2024-11-17",266944844,266944844,"IND07","Active","Quarterly",\N,\N,"VN00000004","2024-05-29 23:16:23","2024-05-29 23:16:23"
"LD0000000000005","CUS0000000006","COL255625114618","COLR5199802188552598","Secured",4.69,"004W","2023-11-30","2024-11-03",384027113,384027113,"IND02","Active","Bullet Payment",\N,\N,"VN00000015","2023-11-30 18:58:50","2023-11-30 18:58:50"
"LDPD00000000006","CUS0000000007","COL029474865221","COLR2958020963744282","Unsecured",7.25,"013D","2023-11-19","2024-11-04",764130526,0,"IND12","Repaid","Annual",\N,\N,"VN00000007","2023-11-19 02:04:45","2023-11-19 02:04:45"
"LDOD00000000007","CUS0000000008","COL522004761952","COLR8982653926668068","Unsecured",5.99,"002M","2023-11-10","2024-05-06",185675980,109788257,"IND04","Overdue","Semi-Annual",2.85,0.67,"VN00000012","2023-11-10 15:59:47","2023-11-10 15:59:47"
"LD0000000000008","CUS0000000009","COL823839550118","COLR7193838381423763","Secured",4.34,"012D","2023-10-09","2024-10-04",176667861,176667861,"IND20","Active","Bullet Payment",\N,\N,"VN00000006","2023-10-09 04:06:33","2023-10-09 04:06:33"
"LDPD00000000009","CUS0000000010","COL235508543397","COLR2412280479994198","Overdraft",6.9,"008D","2024-05-27","2024-11-11",787194506,0,"IND18","Repaid","Monthly",\N,\N,"VN00000011","2024-05-27 23:55:51","2024-05-27 23:55:51"
"LDOD00000000010","CUS0000000011","COL000000000076","COLR0000000000000010","Overdraft",8.31,"002D","2023-09-24","2024-04-02",530747414,455802664,"IND07","Overdue","Annual",8.78,0.38,"VN00000016","2023-09-24 18:50:45","2023-09-24 18:50:45"
"LDPD00000000011","CUS0000000012","COL000000000152","COLR0000000000000011","Overdraft",6.13,"015D","2024-05-04","2024-10-07",899925830,0,"IND18","Repaid","Annual",\N,\N,"VN00000009","2024-05-04 18:49:04","2024-05-04 18:49:04"
"LDOD00000000012","CUS0000000013","COL000000000127","COLR0000000000000012","Secured",3.8,"014M","2024-05-29","2024-10-18",248532577,179600745,"IND03","Overdue","Weekly",8.62,0.24,"VN00000006","2024-05-29 15:02:43","2024-05-29 15:02:43"
"LDPD00000000013","CUS0000000014","COL000000000155","COLR0000000000000013","Secured",3.77,"020D","2024-07-27","2025-06-27",602564736,0,"IND17","Repaid","Quarterly",\N,\N,"VN00000018","2024-07-27 11:14:16","2024-07-27 11:14:16"
"LD0000000000014","CUS0000000015","COL000000000122","COLR0000000000000014","Overdraft",7.76,"024D","2024-03-14","2025-01-12",906248900,906248900,"IND09","Active","Bullet Payment",\N,\N,"VN00000011","2024-03-14 18:42:22","2024-03-14 18:42:22"
"LD0000000000015","CUS0000000016","COL000000000159","COLR0000000000000015","Unsecured",6.87,"014D","2023-09-18","2024-02-29",637500247,637500247,"IND06","Active","Annual",\N,\N,"VN00000004","2023-09-18 17:51:01","2023-09-18 17:51:01"
"LDPD00000000016","CUS0000000017","COL000000000245","COLR0000000000000016","Unsecured",7.47,"021M","2024-04-01","2024-07-18",501486939,0,"IND06","Repaid","Annual",\N,\N,"VN00000017","2024-04-01 07:18:38","2024-04-01 07:18:38"
"LD0000000000017","CUS0000000018","COL000000000277","COLR0000000000000017","Secured",3.04,"011W","2024-01-26","2024-08-28",992994062,992994062,"IND10","Active","Monthly",\N,\N,"VN00000002","2024-01-26 20:07:05","2024-01-26 20:07:05"
"LD0000000000018","CUS0000000019","COL000000000115","COLR0000000000000018","Secured",4.46,"003D","2023-08-28","2023-11-01",916690353,916690353,"IND18","Active","Monthly",\N,\N,"VN00000005","2023-08-28 07:45:27","2023-08-28 07:45:27"
"LDPD00000000019","CUS0000000020","COL000000000058","COLR0000000000000019","Secured",3.53,"018D","2023-08-27","2024-08-01",554340903,0,"IND07","Repaid","Annual",\N,\N,"VN00000007","2023-08-27 13:15:06","2023-08-27 13:15:06"
"LDOD00000000020","CUS0000000675","COL000000000146","COLR0000000000000020","Unsecured",7.63,"013M","2023-09-21","2024-06-01",655742829,507739171,"IND08","Overdue","Monthly",0.73,0.12,"VN00000018","2023-09-21 08:49:28","2023-09-21 08:49:28"
"LD0000000000021","CUS0000000730","COL000000000100","COLR0000000000000021","Secured",3.14,"008D","2023-11-08","2024-10-26",163215224,163215224,"IND08","Active","Weekly",\N,\N,"VN00000002","2023-11-08 21:22:31","2023-11-08 21:22:31"
"LD0000000000022","CUS0000000780","COL000000000158","COLR0000000000000022","Unsecured",6.19,"017D","2023-11-14","2024-08-18",330035022,330035022,"IND18","Active","Monthly",\N,\N,"VN00000019","2023-11-14 08:04:42","2023-11-14 08:04:42"
"LDPD00000000023","CUS0000000958","COL000000000049","COLR0000000000000023","Secured",4.61,"008W","2024-02-28","2024-07-04",201281557,0,"IND04","Repaid","Bullet Payment",\N,\N,"VN00000014","2024-02-28 05:46:27","2024-02-28 05:46:27"
"LD0000000000024","CUS0000000398","COL000000000184","COLR0000000000000024","Secured",4.73,"014W","2024-04-05","2024-06-01",823019672,823019672,"IND04","Active","Weekly",\N,\N,"VN00000013","2024-04-05 18:44:34","2024-04-05 18:44:34"
"LDOD00000000025","CUS0000000900","COL000000000201","COLR0000000000000025","Secured",3.38,"004D","2023-08-26","2024-06-25",581695135,507500977,"IND06","Overdue","Quarterly",4.68,0.89,"VN00000003","2023-08-26 06:51:17","2023-08-26 06:51:17"
"LDPD00000000026","CUS0000000135","COL000000000155","COLR0000000000000026","Secured",4.3,"004D","2024-03-20","2025-01-20",997677788,0,"IND01","Repaid","Weekly",\N,\N,"VN00000008","2024-03-20 22:42:17","2024-03-20 22:42:17"
"LD0000000000027","CUS0000000958","COL000000000104","COLR0000000000000027","Secured",3.43,"016W","2023-11-01","2024-06-23",162959284,162959284,"IND06","Active","Semi-Annual",\N,\N,"VN00000001","2023-11-01 04:49:22","2023-11-01 04:49:22"
"LD0000000000028","CUS0000000743","COL000000000197","COLR0000000000000028","Unsecured",6.75,"015W","2024-05-20","2025-03-30",810678904,810678904,"IND16","Active","Monthly",\N,\N,"VN00000007","2024-05-20 01:18:29","2024-05-20 01:18:29"
"LD0000000000029","CUS0000000192","COL000000000029","COLR0000000000000029","Unsecured",7.97,"002M","2024-04-24","2024-06-24",903132646,903132646,"IND11","Active","Weekly",\N,\N,"VN00000002","2024-04-24 08:53:01","2024-04-24 08:53:01"
"LDPD00000000030","CUS0000000684","COL000000000258","COLR0000000000000030","Secured",3.31,"017M","2024-05-14","2025-02-28",186019028,0,"IND06","Repaid","Weekly",\N,\N,"VN00000020","2024-05-14 08:20:39","2024-05-14 08:20:39"
"LD0000000000031","CUS0000000081","COL000000000282","COLR0000000000000031","Overdraft",5.57,"008W","2024-03-14","2025-01-29",364371717,364371717,"IND19","Active","Annual",\N,\N,"VN00000002","2024-03-14 14:44:39","2024-03-14 14:44:39"
"LDPD00000000032","CUS0000000338","COL000000000119","COLR0000000000000032","Unsecured",7.38,"014M","2024-01-25","2024-11-17",439699535,0,"IND09","Repaid","Monthly",\N,\N,"VN00000011","2024-01-25 21:43:47","2024-01-25 21:43:47"
"LD0000000000033","CUS0000000346","COL000000000072","COLR0000000000000033","Unsecured",7.72,"013D","2023-11-09","2024-05-10",590941149,590941149,"IND11","Active","Weekly",\N,\N,"VN00000001","2023-11-09 14:10:37","2023-11-09 14:10:37"
"LDPD00000000034","CUS0000000385","COL000000000293","COLR0000000000000034","Secured",3.15,"019D","2024-02-06","2024-06-24",643189555,0,"IND09","Repaid","Monthly",\N,\N,"VN00000012","2024-02-06 10:27:12","2024-02-06 10:27:12"
"LD0000000000035","CUS0000000682","COL000000000043","COLR0000000000000035","Unsecured",5.72,"012W","2024-03-31","2025-02-02",855420240,855420240,"IND10","Active","Annual",\N,\N,"VN00000017","2024-03-31 19:52:33","2024-03-31 19:52:33"
"LD0000000000036","CUS0000000677","COL000000000254","COLR0000000000000036","Overdraft",8.73,"018W","2023-12-02","2024-02-23",244193987,244193987,"IND09","Active","Weekly",\N,\N,"VN00000004","2023-12-02 00:26:49","2023-12-02 00:26:49"
"LDOD00000000037","CUS0000000798","COL000000000229","COLR0000000000000037","Secured",3.56,"005W","2024-06-25","2024-11-09",870530217,687723458,"IND09","Overdue","Annual",4.94,0.91,"VN00000002","2024-06-25 07:57:37","2024-06-25 07:57:37"
"LD0000000000038","CUS0000000283","COL000000000241","COLR0000000000000038","Overdraft",5.27,"014W","2024-07-18","2025-02-03",927982963,927982963,"IND05","Active","Bullet Payment",\N,\N,"VN00000009","2024-07-18 13:59:16","2024-07-18 13:59:16"
"LD0000000000039","CUS0000000414","COL000000000026","COLR0000000000000039","Overdraft",7.85,"015M","2023-08-18","2024-06-30",110382761,110382761,"IND04","Active","Weekly",\N,\N,"VN00000005","2023-08-18 12:05:40","2023-08-18 12:05:40"
"LDPD00000000040","CUS0000000419","COL000000000147","COLR0000000000000040","Unsecured",7.25,"012M","2024-06-05","2025-02-10",236843584,0,"IND02","Repaid","Quarterly",\N,\N,"VN00000012","2024-06-05 16:07:08","2024-06-05 16:07:08"
"LD0000000000041","CUS0000000692","COL000000000267","COLR0000000000000041","Secured",3.5,"007M","2024-06-23","2024-09-13",479759538,479759538,"IND18","Active","Semi-Annual",\N,\N,"VN00000020","2024-06-23 22:18:05","2024-06-23 22:18:05"
"LDOD00000000042","CUS0000000081","COL000000000282","COLR0000000000000042","Unsecured",8.91,"008D","2023-10-16","2024-02-13",542697755,526086899,"IND11","Overdue","Semi-Annual",8.04,0.88,"VN00000008","2023-10-16 23:39:15","2023-10-16 23:39:15"
"LD0000000000043","CUS0000000377","COL000000000240","COLR0000000000000043","Unsecured",6.59,"023D","2024-05-13","2024-07-01",605399561,605399561,"IND08","Active","Monthly",\N,\N,"VN00000015","2024-05-13 02:39:08","2024-05-13 02:39:08"
"LD0000000000044","CUS0000000892","COL000000000192","COLR0000000000000044","Unsecured",5.19,"008D","2024-01-27","2024-06-03",527849588,527849588,"IND11","Active","Quarterly",\N,\N,"VN00000003","2024-01-27 02:34:24","2024-01-27 02:34:24"
"LDOD00000000045","CUS0000000692","COL000000000267","COLR0000000000000045","Unsecured",7.09,"012M","2023-12-26","2024-10-25",455569462,255792402,"IND04","Overdue","Quarterly",1.87,0.97,"VN00000009","2023-12-26 02:53:10","2023-12-26 02:53:10"
"LD0000000000046","CUS0000000682","COL000000000219","COLR0000000000000046","Unsecured",6.45,"020W","2023-12-01","2024-06-08",568574364,568574364,"IND20","Active","Annual",\N,\N,"VN00000004","2023-12-01 21:28:13","2023-12-01 21:28:13"
"LD0000000000047","CUS0000000567","COL000000000054","COLR0000000000000047","Secured",3.09,"007W","2023-10-15","2024-06-24",101815992,101815992,"IND17","Active","Annual",\N,\N,"VN00000007","2023-10-15 08:41:44","2023-10-15 08:41:44"
"LD0000000000048","CUS0000000131","COL000000000020","COLR0000000000000048","Secured",4.84,"003M","2023-11-07","2024-10-21",437064353,437064353,"IND04","Active","Bullet Payment",\N,\N,"VN00000010","2023-11-07 14:23:28","2023-11-07 14:23:28"
"LDPD00000000049","CUS0000000041","COL000000000153","COLR0000000000000049","Unsecured",6.37,"022W","2024-06-07","2024-12-05",695295870,0,"IND05","Repaid","Monthly",\N,\N,"VN00000014","2024-06-07 11:48:09","2024-06-07 11:48:09"
"LDPD00000000050","CUS0000000402","COL000000000099","COLR0000000000000050","Secured",4.81,"022M","2023-12-24","2024-12-03",711072118,0,"IND10","Repaid","Semi-Annual",\N,\N,"VN00000018","2023-12-24 16:48:36","2023-12-24 16:48:36"
"LD0000000000051","CUS0000000162","COL000000000102","COLR0000000000000051","Unsecured",6.78,"010D","2023-09-24","2024-08-15",751397897,751397897,"IND11","Active","Semi-Annual",\N,\N,"VN00000015","2023-09-24 16:11:25","2023-09-24 16:11:25"
"LDPD00000000052","CUS0000000749","COL000000000118","COLR0000000000000052","Overdraft",6.95,"007M","2023-09-20","2024-01-14",807435606,0,"IND03","Repaid","Quarterly",\N,\N,"VN00000017","2023-09-20 23:58:32","2023-09-20 23:58:32"
"LDPD00000000053","CUS0000000059","COL000000000041","COLR0000000000000053","Overdraft",5.46,"020W","2024-01-10","2024-06-08",822408848,0,"IND10","Repaid","Monthly",\N,\N,"VN00000007","2024-01-10 12:42:02","2024-01-10 12:42:02"
"LD0000000000054","CUS0000000473","COL000000000235","COLR0000000000000054","Unsecured",8.94,"002D","2023-09-22","2024-08-29",925159146,925159146,"IND03","Active","Semi-Annual",\N,\N,"VN00000014","2023-09-22 12:59:01","2023-09-22 12:59:01"
"LDPD00000000055","CUS0000000900","COL000000000201","COLR0000000000000055","Secured",4.39,"007M","2024-01-02","2024-10-11",529123992,0,"IND08","Repaid","Monthly",\N,\N,"VN00000001","2024-01-02 09:27:07","2024-01-02 09:27:07"
"LDOD00000000056","CUS0000000541","COL000000000209","COLR0000000000000056","Overdraft",5.95,"004W","2024-07-10","2025-05-01",598806645,558247943,"IND08","Overdue","Weekly",4.62,0.82,"VN00000017","2024-07-10 02:44:30","2024-07-10 02:44:30"
"LDPD00000000057","CUS0000000460","COL000000000033","COLR0000000000000057","Secured",4.23,"011W","2023-12-27","2024-10-10",558209399,0,"IND18","Repaid","Semi-Annual",\N,\N,"VN00000006","2023-12-27 13:25:16","2023-12-27 13:25:16"
"LDOD00000000058","CUS0000000002","COL903323563720","COLR3111315249593638","Secured",4.5,"015W","2024-04-06","2025-03-28",397760792,246766770,"IND17","Overdue","Semi-Annual",6.3,0.35,"VN00000003","2024-04-06 10:39:22","2024-04-06 10:39:22"
"LDOD00000000059","CUS0000000819","COL000000000256","COLR0000000000000059","Unsecured",6.41,"008W","2023-11-26","2024-09-27",186519602,167642412,"IND08","Overdue","Semi-Annual",6.97,0.74,"VN00000003","2023-11-26 17:02:05","2023-11-26 17:02:05"
"LDPD00000000060","CUS0000000858","COL000000000190","COLR0000000000000060","Secured",3.93,"011M","2024-06-24","2024-08-24",322086735,0,"IND14","Repaid","Semi-Annual",\N,\N,"VN00000019","2024-06-24 10:30:08","2024-06-24 10:30:08"
"LDPD00000000061","CUS0000000015","COL000000000189","COLR0000000000000061","Unsecured",6.96,"019W","2023-09-01","2024-03-29",420632895,0,"IND13","Repaid","Semi-Annual",\N,\N,"VN00000018","2023-09-01 20:30:32","2023-09-01 20:30:32"
"LDOD00000000062","CUS0000000879","COL000000000120","COLR0000000000000062","Overdraft",8.6,"018M","2024-05-25","2025-02-28",335602191,288227545,"IND16","Overdue","Weekly",3.95,0.7,"VN00000013","2024-05-25 09:06:53","2024-05-25 09:06:53"
"LDOD00000000063","CUS0000000525","COL000000000211","COLR0000000000000063","Unsecured",8.92,"015D","2024-02-10","2024-12-09",128955006,75457922,"IND19","Overdue","Annual",6.66,0.18,"VN00000014","2024-02-10 09:40:18","2024-02-10 09:40:18"
"LD0000000000064","CUS0000000932","COL000000000087","COLR0000000000000064","Secured",3.52,"006D","2024-03-11","2024-09-24",327268503,327268503,"IND15","Active","Quarterly",\N,\N,"VN00000011","2024-03-11 05:31:47","2024-03-11 05:31:47"
"LDOD00000000065","CUS0000000338","COL000000000119","COLR0000000000000065","Secured",3.5,"009W","2023-10-03","2023-12-13",604988121,558691598,"IND18","Overdue","Weekly",10,0.41,"VN00000003","2023-10-03 10:59:08","2023-10-03 10:59:08"
"LDOD00000000066","CUS0000000162","COL000000000102","COLR0000000000000066","Overdraft",8.8,"002D","2024-08-08","2024-12-18",121882877,86389939,"IND08","Overdue","Monthly",4.79,0.2,"VN00000007","2024-08-08 03:56:15","2024-08-08 03:56:15"
"LDPD00000000067","CUS0000000682","COL000000000219","COLR0000000000000067","Overdraft",5.75,"009W","2024-01-09","2024-12-14",903079055,0,"IND04","Repaid","Monthly",\N,\N,"VN00000010","2024-01-09 23:43:04","2024-01-09 23:43:04"
"LD0000000000068","CUS0000000167","COL000000000064","COLR0000000000000068","Secured",4.15,"001W","2023-09-15","2024-04-24",525904456,525904456,"IND07","Active","Weekly",\N,\N,"VN00000019","2023-09-15 13:59:33","2023-09-15 13:59:33"
"LDPD00000000069","CUS0000000139","COL000000000142","COLR0000000000000069","Overdraft",7.82,"008D","2024-03-17","2024-09-17",834717549,0,"IND20","Repaid","Weekly",\N,\N,"VN00000019","2024-03-17 08:54:47","2024-03-17 08:54:47"
"LD0000000000070","CUS0000000253","COL000000000036","COLR0000000000000070","Secured",4.32,"018W","2023-12-07","2024-02-10",643271261,643271261,"IND11","Active","Weekly",\N,\N,"VN00000014","2023-12-07 20:08:28","2023-12-07 20:08:28"
"LDPD00000000071","CUS0000000710","COL000000000249","COLR0000000000000071","Unsecured",7.58,"014W","2024-07-03","2025-03-25",859466878,0,"IND05","Repaid","Semi-Annual",\N,\N,"VN00000006","2024-07-03 02:08:00","2024-07-03 02:08:00"
"LDOD00000000072","CUS0000000567","COL000000000054","COLR0000000000000072","Secured",4.23,"021W","2024-04-16","2025-02-15",931764920,686235751,"IND14","Overdue","Bullet Payment",5.97,0.39,"VN00000008","2024-04-16 02:52:09","2024-04-16 02:52:09"
"LD0000000000073","CUS0000000096","COL000000000200","COLR0000000000000073","Unsecured",8.03,"015D","2024-04-12","2025-02-27",755338677,755338677,"IND13","Active","Quarterly",\N,\N,"VN00000001","2024-04-12 04:32:36","2024-04-12 04:32:36"
"LDPD00000000074","CUS0000000386","COL000000000276","COLR0000000000000074","Secured",3.42,"006W","2024-07-24","2025-01-02",465436049,0,"IND09","Repaid","Annual",\N,\N,"VN00000009","2024-07-24 20:31:48","2024-07-24 20:31:48"
"LDPD00000000075","CUS0000000684","COL000000000298","COLR0000000000000075","Unsecured",5.43,"017D","2024-07-15","2025-03-10",624606470,0,"IND18","Repaid","Monthly",\N,\N,"VN00000016","2024-07-15 15:12:43","2024-07-15 15:12:43"
"LDPD00000000076","CUS0000000692","COL000000000267","COLR0000000000000076","Overdraft",8.19,"016W","2024-01-03","2024-03-20",415933049,0,"IND08","Repaid","Semi-Annual",\N,\N,"VN00000008","2024-01-03 10:12:15","2024-01-03 10:12:15"
"LD0000000000077","CUS0000000455","COL000000000079","COLR0000000000000077","Overdraft",6.95,"019W","2024-03-27","2025-01-22",469106688,469106688,"IND14","Active","Bullet Payment",\N,\N,"VN00000018","2024-03-27 04:50:01","2024-03-27 04:50:01"
"LD0000000000078","CUS0000000574","COL000000000164","COLR0000000000000078","Secured",3.54,"023W","2023-10-29","2024-04-04",347538338,347538338,"IND04","Active","Bullet Payment",\N,\N,"VN00000007","2023-10-29 15:46:52","2023-10-29 15:46:52"
"LD0000000000079","CUS0000000131","COL000000000020","COLR0000000000000079","Unsecured",8.81,"024M","2024-05-15","2024-09-16",305665554,305665554,"IND07","Active","Bullet Payment",\N,\N,"VN00000016","2024-05-15 14:36:25","2024-05-15 14:36:25"
"LD0000000000080","CUS0000000225","COL000000000255","COLR0000000000000080","Overdraft",7.43,"019M","2023-09-11","2023-12-01",994027897,994027897,"IND07","Active","Quarterly",\N,\N,"VN00000008","2023-09-11 23:49:21","2023-09-11 23:49:21"
"LD0000000000081","CUS0000000283","COL000000000241","COLR0000000000000081","Unsecured",7.86,"010D","2023-09-02","2023-12-05",394539550,394539550,"IND02","Active","Weekly",\N,\N,"VN00000018","2023-09-02 18:38:09","2023-09-02 18:38:09"
"LD0000000000082","CUS0000000492","COL000000000025","COLR0000000000000082","Overdraft",8.49,"005M","2024-04-28","2025-02-03",210152642,210152642,"IND01","Active","Annual",\N,\N,"VN00000010","2024-04-28 18:56:33","2024-04-28 18:56:33"
"LDPD00000000083","CUS0000000819","COL000000000060","COLR0000000000000083","Secured",3.37,"015W","2023-11-12","2024-01-07",371096600,0,"IND16","Repaid","Weekly",\N,\N,"VN00000003","2023-11-12 11:41:15","2023-11-12 11:41:15"
"LDPD00000000084","CUS0000000442","COL000000000271","COLR0000000000000084","Secured",4.26,"003M","2024-06-11","2024-08-07",262915636,0,"IND05","Repaid","Annual",\N,\N,"VN00000010","2024-06-11 05:02:27","2024-06-11 05:02:27"
"LD0000000000085","CUS0000000218","COL000000000181","COLR0000000000000085","Unsecured",8.08,"004M","2023-12-06","2024-11-10",740086326,740086326,"IND20","Active","Monthly",\N,\N,"VN00000017","2023-12-06 08:48:46","2023-12-06 08:48:46"
"LD0000000000086","CUS0000000725","COL000000000116","COLR0000000000000086","Secured",4.72,"015W","2023-09-15","2024-05-21",427899537,427899537,"IND19","Active","Annual",\N,\N,"VN00000002","2023-09-15 23:14:12","2023-09-15 23:14:12"
"LDPD00000000087","CUS0000000574","COL000000000164","COLR0000000000000087","Overdraft",7.54,"004D","2024-07-13","2024-12-25",809129316,0,"IND03","Repaid","Monthly",\N,\N,"VN00000008","2024-07-13 03:39:38","2024-07-13 03:39:38"
"LD0000000000088","CUS0000000472","COL000000000265","COLR0000000000000088","Secured",3.01,"003D","2023-11-14","2024-07-31",840206617,840206617,"IND20","Active","Semi-Annual",\N,\N,"VN00000010","2023-11-14 09:17:23","2023-11-14 09:17:23"
"LD0000000000089","CUS0000000973","COL000000000245","COLR0000000000000089","Unsecured",6.2,"010M","2024-07-17","2025-04-05",176428684,176428684,"IND08","Active","Quarterly",\N,\N,"VN00000019","2024-07-17 11:44:05","2024-07-17 11:44:05"
"LDPD00000000090","CUS0000000720","COL000000000117","COLR0000000000000090","Unsecured",7.22,"014D","2023-09-24","2024-09-19",259976144,0,"IND09","Repaid","Monthly",\N,\N,"VN00000003","2023-09-24 04:55:23","2023-09-24 04:55:23"
"LD0000000000091","CUS0000000892","COL000000000192","COLR0000000000000091","Unsecured",8.02,"010M","2024-01-10","2024-11-26",409893263,409893263,"IND15","Active","Weekly",\N,\N,"VN00000015","2024-01-10 14:33:17","2024-01-10 14:33:17"
"LDPD00000000092","CUS0000000014","COL000000000069","COLR0000000000000092","Unsecured",8.78,"023W","2023-12-01","2024-09-12",679800791,0,"IND16","Repaid","Semi-Annual",\N,\N,"VN00000003","2023-12-01 22:25:24","2023-12-01 22:25:24"
"LDPD00000000093","CUS0000000493","COL000000000128","COLR0000000000000093","Unsecured",6.36,"014M","2024-02-08","2024-07-15",127772220,0,"IND03","Repaid","Monthly",\N,\N,"VN00000019","2024-02-08 01:36:43","2024-02-08 01:36:43"
"LDPD00000000094","CUS0000000113","COL000000000278","COLR0000000000000094","Unsecured",7.35,"022W","2024-04-18","2024-08-15",605196410,0,"IND17","Repaid","Bullet Payment",\N,\N,"VN00000015","2024-04-18 20:31:48","2024-04-18 20:31:48"
"LD0000000000095","CUS0000000662","COL000000000021","COLR0000000000000095","Unsecured",7.58,"019W","2024-07-04","2025-04-11",197970787,197970787,"IND16","Active","Quarterly",\N,\N,"VN00000014","2024-07-04 21:59:39","2024-07-04 21:59:39"
"LD0000000000096","CUS0000000340","COL000000000228","COLR0000000000000096","Secured",4.72,"022D","2024-01-04","2024-07-20",542000551,542000551,"IND16","Active","Quarterly",\N,\N,"VN00000013","2024-01-04 16:00:14","2024-01-04 16:00:14"
"LDOD00000000097","CUS0000000958","COL000000000230","COLR0000000000000097","Secured",3.18,"002W","2023-10-18","2024-03-25",447112584,393806407,"IND13","Overdue","Annual",8.27,0.1,"VN00000018","2023-10-18 03:34:03","2023-10-18 03:34:03"
"LDPD00000000098","CUS0000000900","COL000000000201","COLR0000000000000098","Secured",4.04,"002D","2024-01-06","2024-12-19",912224654,0,"IND16","Repaid","Bullet Payment",\N,\N,"VN00000015","2024-01-06 17:51:30","2024-01-06 17:51:30"
"LDOD00000000099","CUS0000000201","COL000000000156","COLR0000000000000099","Unsecured",7.24,"007W","2023-12-31","2024-06-25",570423569,335016627,"IND16","Overdue","Weekly",0.39,0.67,"VN00000008","2023-12-31 22:53:04","2023-12-31 22:53:04"
"LDOD00000000100","CUS0000000728","COL000000000165","COLR0000000000000100","Unsecured",5.15,"010M","2023-11-05","2024-06-30",200082623,170438562,"IND04","Overdue","Semi-Annual",9.48,0.68,"VN00000005","2023-11-05 08:16:07","2023-11-05 08:16:07"
"LDPD00000000101","CUS0000000780","COL000000000158","COLR0000000000000101","Overdraft",7.85,"010M","2024-05-02","2024-12-30",996278008,0,"IND16","Repaid","Semi-Annual",\N,\N,"VN00000008","2024-05-02 06:00:25","2024-05-02 06:00:25"
"LDPD00000000102","CUS0000000525","COL000000000211","COLR0000000000000102","Secured",3.38,"005W","2023-11-27","2024-10-28",645719501,0,"IND05","Repaid","Weekly",\N,\N,"VN00000009","2023-11-27 15:56:07","2023-11-27 15:56:07"
"LDOD00000000103","CUS0000000271","COL000000000004","COLR0000000000000103","Secured",3.53,"011M","2024-05-14","2024-06-14",403696046,254771673,"IND19","Overdue","Annual",9.99,0.54,"VN00000005","2024-05-14 12:57:39","2024-05-14 12:57:39"
"LDPD00000000104","CUS0000000503","COL000000000162","COLR0000000000000104","Secured",3.66,"016W","2024-08-13","2025-06-17",505026213,0,"IND15","Repaid","Quarterly",\N,\N,"VN00000007","2024-08-13 17:46:30","2024-08-13 17:46:30"
"LDPD00000000105","CUS0000000574","COL000000000164","COLR0000000000000105","Unsecured",6.01,"019W","2024-05-07","2025-01-02",146865930,0,"IND11","Repaid","Bullet Payment",\N,\N,"VN00000016","2024-05-07 10:38:51","2024-05-07 10:38:51"
"LDOD00000000106","CUS0000000643","COL000000000178","COLR0000000000000106","Secured",4.58,"013M","2024-04-23","2025-04-21",263321843,193281950,"IND02","Overdue","Monthly",5.07,0.63,"VN00000004","2024-04-23 15:38:57","2024-04-23 15:38:57"
"LDPD00000000107","CUS0000000932","COL000000000087","COLR0000000000000107","Unsecured",5.16,"017W","2023-09-12","2023-12-24",540211187,0,"IND05","Repaid","Weekly",\N,\N,"VN00000016","2023-09-12 17:02:28","2023-09-12 17:02:28"
"LD0000000000108","CUS0000000274","COL000000000065","COLR0000000000000108","Secured",3.79,"020M","2024-04-08","2024-06-18",452794611,452794611,"IND18","Active","Semi-Annual",\N,\N,"VN00000011","2024-04-08 13:02:02","2024-04-08 13:02:02"
"LDPD00000000109","CUS0000000225","COL000000000238","COLR0000000000000109","Overdraft",5.24,"016M","2024-04-18","2024-06-22",352082631,0,"IND10","Repaid","Monthly",\N,\N,"VN00000003","2024-04-18 13:56:53","2024-04-18 13:56:53"
"LDPD00000000110","CUS0000000015","COL000000000189","COLR0000000000000110","Unsecured",8.5,"021M","2023-10-21","2024-07-04",278632824,0,"IND10","Repaid","Weekly",\N,\N,"VN00000002","2023-10-21 10:38:58","2023-10-21 10:38:58"
"LD0000000000111","CUS0000000367","COL000000000077","COLR0000000000000111","Unsecured",6.56,"010W","2024-03-10","2024-06-22",362204999,362204999,"IND17","Active","Semi-Annual",\N,\N,"VN00000019","2024-03-10 10:03:58","2024-03-10 10:03:58"
"LDPD00000000112","CUS0000000958","COL000000000230","COLR0000000000000112","Unsecured",5.41,"006D","2024-05-25","2025-01-05",765408938,0,"IND08","Repaid","Semi-Annual",\N,\N,"VN00000019","2024-05-25 03:28:33","2024-05-25 03:28:33"
"LD0000000000113","CUS0000000160","COL000000000212","COLR0000000000000113","Unsecured",6.09,"015M","2023-11-19","2024-04-27",816014770,816014770,"IND01","Active","Semi-Annual",\N,\N,"VN00000010","2023-11-19 01:19:29","2023-11-19 01:19:29"
"LDPD00000000114","CUS0000000374","COL000000000262","COLR0000000000000114","Secured",3.88,"006D","2023-10-18","2024-05-11",730900313,0,"IND10","Repaid","Bullet Payment",\N,\N,"VN00000014","2023-10-18 10:32:35","2023-10-18 10:32:35"
"LDPD00000000115","CUS0000000795","COL000000000186","COLR0000000000000115","Unsecured",5.88,"015W","2024-02-11","2024-09-24",618840705,0,"IND04","Repaid","Monthly",\N,\N,"VN00000013","2024-02-11 12:05:56","2024-02-11 12:05:56"
"LDPD00000000116","CUS0000000476","COL000000000044","COLR0000000000000116","Secured",4.99,"019W","2024-01-10","2024-07-09",123557463,0,"IND13","Repaid","Quarterly",\N,\N,"VN00000001","2024-01-10 08:18:09","2024-01-10 08:18:09"
"LDPD00000000117","CUS0000000952","COL000000000281","COLR0000000000000117","Overdraft",8.65,"024D","2023-11-28","2024-09-07",994253959,0,"IND10","Repaid","Monthly",\N,\N,"VN00000020","2023-11-28 19:37:03","2023-11-28 19:37:03"
"LD0000000000118","CUS0000000625","COL000000000280","COLR0000000000000118","Unsecured",7.52,"021D","2024-08-09","2024-11-17",774576271,774576271,"IND04","Active","Bullet Payment",\N,\N,"VN00000002","2024-08-09 08:47:33","2024-08-09 08:47:33"
"LD0000000000119","CUS0000000411","COL000000000251","COLR0000000000000119","Secured",3.73,"002M","2024-04-20","2024-07-26",196779973,196779973,"IND10","Active","Quarterly",\N,\N,"VN00000014","2024-04-20 12:45:06","2024-04-20 12:45:06"
"LD0000000000120","CUS0000000359","COL000000000248","COLR0000000000000120","Unsecured",8.52,"005M","2024-05-09","2024-12-12",669998399,669998399,"IND17","Active","Quarterly",\N,\N,"VN00000006","2024-05-09 05:39:21","2024-05-09 05:39:21"
"LD0000000000121","CUS0000000699","COL000000000214","COLR0000000000000121","Secured",4.74,"010M","2024-03-19","2024-06-15",602866993,602866993,"IND03","Active","Monthly",\N,\N,"VN00000008","2024-03-19 06:40:10","2024-03-19 06:40:10"
"LDPD00000000122","CUS0000000556","COL000000000227","COLR0000000000000122","Overdraft",8.87,"022W","2023-11-09","2024-09-19",492747974,0,"IND03","Repaid","Semi-Annual",\N,\N,"VN00000001","2023-11-09 06:29:00","2023-11-09 06:29:00"
"LD0000000000123","CUS0000000556","COL000000000227","COLR0000000000000123","Secured",3.74,"004W","2024-05-07","2024-10-18",727666622,727666622,"IND13","Active","Bullet Payment",\N,\N,"VN00000012","2024-05-07 20:35:20","2024-05-07 20:35:20"
"LD0000000000124","CUS0000000730","COL000000000100","COLR0000000000000124","Overdraft",5.2,"008W","2023-12-19","2024-10-31",452194058,452194058,"IND20","Active","Monthly",\N,\N,"VN00000003","2023-12-19 22:03:20","2023-12-19 22:03:20"
"LDPD00000000125","CUS0000000764","COL000000000125","COLR0000000000000125","Secured",4.3,"023W","2024-07-08","2024-10-05",250084428,0,"IND02","Repaid","Weekly",\N,\N,"VN00000010","2024-07-08 07:28:15","2024-07-08 07:28:15"
"LDPD00000000126","CUS0000000655","COL000000000207","COLR0000000000000126","Unsecured",8.56,"004D","2024-06-09","2024-09-16",517305280,0,"IND15","Repaid","Quarterly",\N,\N,"VN00000018","2024-06-09 08:43:23","2024-06-09 08:43:23"
"LDPD00000000127","CUS0000000506","COL000000000233","COLR0000000000000127","Secured",3.31,"024M","2024-06-12","2025-02-09",803217037,0,"IND04","Repaid","Semi-Annual",\N,\N,"VN00000020","2024-06-12 08:21:54","2024-06-12 08:21:54"
"LDPD00000000128","CUS0000000244","COL000000000055","COLR0000000000000128","Unsecured",6.55,"002M","2023-09-06","2024-05-20",577488537,0,"IND08","Repaid","Quarterly",\N,\N,"VN00000004","2023-09-06 16:54:04","2023-09-06 16:54:04"
"LDPD00000000129","CUS0000000497","COL000000000270","COLR0000000000000129","Secured",3.72,"018M","2023-11-12","2024-07-02",396225446,0,"IND07","Repaid","Weekly",\N,\N,"VN00000015","2023-11-12 22:24:15","2023-11-12 22:24:15"
"LD0000000000130","CUS0000000048","COL000000000161","COLR0000000000000130","Overdraft",7.59,"007M","2024-06-30","2024-08-09",154308262,154308262,"IND11","Active","Monthly",\N,\N,"VN00000005","2024-06-30 03:16:37","2024-06-30 03:16:37"
"LDPD00000000131","CUS0000000242","COL000000000070","COLR0000000000000131","Unsecured",5.91,"003M","2023-08-28","2024-01-15",973008988,0,"IND08","Repaid","Quarterly",\N,\N,"VN00000005","2023-08-28 10:43:03","2023-08-28 10:43:03"
"LDPD00000000132","CUS0000000002","COL000000000285","COLR0000000000000132","Unsecured",8.95,"009D","2024-06-23","2025-04-25",369137895,0,"IND06","Repaid","Weekly",\N,\N,"VN00000001","2024-06-23 15:05:32","2024-06-23 15:05:32"
"LD0000000000133","CUS0000000048","COL000000000161","COLR0000000000000133","Unsecured",7.4,"012D","2023-12-16","2024-01-23",287095435,287095435,"IND09","Active","Weekly",\N,\N,"VN00000005","2023-12-16 11:45:25","2023-12-16 11:45:25"
"LDOD00000000134","CUS0000000386","COL000000000276","COLR0000000000000134","Secured",4.49,"017D","2024-01-18","2024-10-17",581331845,357652789,"IND17","Overdue","Annual",1.18,0.55,"VN00000020","2024-01-18 18:38:54","2024-01-18 18:38:54"
"LD0000000000135","CUS0000000472","COL000000000265","COLR0000000000000135","Overdraft",6.28,"022M","2023-11-27","2024-11-20",133447745,133447745,"IND02","Active","Semi-Annual",\N,\N,"VN00000013","2023-11-27 23:02:51","2023-11-27 23:02:51"
"LDPD00000000136","CUS0000000541","COL000000000209","COLR0000000000000136","Overdraft",7.88,"004W","2023-09-10","2024-05-24",178910051,0,"IND03","Repaid","Quarterly",\N,\N,"VN00000020","2023-09-10 16:26:39","2023-09-10 16:26:39"
"LD0000000000137","CUS0000000455","COL000000000079","COLR0000000000000137","Unsecured",7.53,"005W","2023-11-05","2024-09-29",688793237,688793237,"IND11","Active","Semi-Annual",\N,\N,"VN00000020","2023-11-05 22:01:27","2023-11-05 22:01:27"
"LDPD00000000138","CUS0000000252","COL000000000113","COLR0000000000000138","Unsecured",7.46,"015M","2024-08-04","2024-10-23",951580447,0,"IND04","Repaid","Bullet Payment",\N,\N,"VN00000018","2024-08-04 14:34:01","2024-08-04 14:34:01"
"LDOD00000000139","CUS0000000620","COL000000000226","COLR0000000000000139","Unsecured",8.56,"014W","2024-03-23","2024-11-19",463925049,286585744,"IND13","Overdue","Semi-Annual",7.32,0.38,"VN00000011","2024-03-23 06:01:22","2024-03-23 06:01:22"
"LDPD00000000140","CUS0000000554","COL000000000191","COLR0000000000000140","Unsecured",7.78,"012D","2024-07-21","2025-04-19",172083844,0,"IND03","Repaid","Weekly",\N,\N,"VN00000003","2024-07-21 07:51:35","2024-07-21 07:51:35"
"LDPD00000000141","CUS0000000162","COL000000000102","COLR0000000000000141","Unsecured",6.55,"024M","2024-05-20","2024-08-24",697398528,0,"IND02","Repaid","Annual",\N,\N,"VN00000018","2024-05-20 18:58:03","2024-05-20 18:58:03"
"LDPD00000000142","CUS0000000190","COL000000000048","COLR0000000000000142","Secured",3.82,"022D","2023-12-16","2024-08-18",874233009,0,"IND02","Repaid","Quarterly",\N,\N,"VN00000020","2023-12-16 04:31:55","2023-12-16 04:31:55"
"LD0000000000143","CUS0000000065","COL000000000133","COLR0000000000000143","Secured",4.01,"004M","2023-11-06","2024-02-23",805165232,805165232,"IND16","Active","Monthly",\N,\N,"VN00000004","2023-11-06 13:20:40","2023-11-06 13:20:40"
"LD0000000000144","CUS0000000857","COL000000000134","COLR0000000000000144","Secured",4.53,"012D","2024-04-26","2025-03-15",342836476,342836476,"IND14","Active","Annual",\N,\N,"VN00000020","2024-04-26 12:39:10","2024-04-26 12:39:10"
"LDPD00000000145","CUS0000000898","COL000000000074","COLR0000000000000145","Overdraft",5.2,"021M","2024-02-25","2024-08-09",131088245,0,"IND06","Repaid","Quarterly",\N,\N,"VN00000010","2024-02-25 20:41:39","2024-02-25 20:41:39"
"LD0000000000146","CUS0000000243","COL000000000215","COLR0000000000000146","Secured",4.74,"001D","2024-01-16","2024-11-30",805818425,805818425,"IND13","Active","Weekly",\N,\N,"VN00000005","2024-01-16 15:04:41","2024-01-16 15:04:41"
"LDOD00000000147","CUS0000000243","COL000000000215","COLR0000000000000147","Overdraft",8.01,"001D","2024-07-24","2024-12-11",503935666,398464737,"IND11","Overdue","Monthly",3.76,0.75,"VN00000019","2024-07-24 13:21:58","2024-07-24 13:21:58"
"LDPD00000000148","CUS0000000331","COL000000000013","COLR0000000000000148","Unsecured",5.71,"002D","2024-08-05","2025-07-17",153432064,0,"IND03","Repaid","Quarterly",\N,\N,"VN00000015","2024-08-05 03:43:22","2024-08-05 03:43:22"
"LDPD00000000149","CUS0000000233","COL000000000266","COLR0000000000000149","Secured",3.88,"016M","2024-04-21","2024-10-07",331465414,0,"IND17","Repaid","Weekly",\N,\N,"VN00000012","2024-04-21 15:20:07","2024-04-21 15:20:07"
"LDPD00000000150","CUS0000000863","COL000000000107","COLR0000000000000150","Unsecured",7.75,"010M","2024-02-10","2024-11-15",665791188,0,"IND10","Repaid","Weekly",\N,\N,"VN00000008","2024-02-10 04:19:51","2024-02-10 04:19:51"
"LDPD00000000151","CUS0000000225","COL000000000292","COLR0000000000000151","Secured",3.41,"002D","2023-10-10","2024-02-25",923935280,0,"IND05","Repaid","Quarterly",\N,\N,"VN00000010","2023-10-10 11:10:53","2023-10-10 11:10:53"
"LD0000000000152","CUS0000000505","COL000000000057","COLR0000000000000152","Unsecured",8.01,"001W","2023-11-26","2024-03-24",238712095,238712095,"IND13","Active","Annual",\N,\N,"VN00000008","2023-11-26 20:23:01","2023-11-26 20:23:01"
"LDPD00000000153","CUS0000000872","COL000000000018","COLR0000000000000153","Secured",3.14,"022W","2023-10-09","2023-11-29",568387228,0,"IND01","Repaid","Semi-Annual",\N,\N,"VN00000003","2023-10-09 04:58:14","2023-10-09 04:58:14"
"LD0000000000154","CUS0000000780","COL000000000158","COLR0000000000000154","Secured",3.81,"014M","2023-11-19","2024-11-10",548495473,548495473,"IND10","Active","Weekly",\N,\N,"VN00000013","2023-11-19 18:15:23","2023-11-19 18:15:23"
"LD0000000000155","CUS0000000231","COL000000000152","COLR0000000000000155","Secured",3.92,"006M","2024-05-31","2025-01-01",194628740,194628740,"IND14","Active","Weekly",\N,\N,"VN00000008","2024-05-31 07:19:20","2024-05-31 07:19:20"
"LDPD00000000156","CUS0000000566","COL000000000093","COLR0000000000000156","Secured",3.16,"013M","2024-03-20","2024-09-24",900801837,0,"IND11","Repaid","Monthly",\N,\N,"VN00000011","2024-03-20 23:51:06","2024-03-20 23:51:06"
"LDOD00000000157","CUS0000000309","COL000000000022","COLR0000000000000157","Unsecured",7.57,"003M","2024-03-12","2025-01-07",647556857,572891682,"IND12","Overdue","Quarterly",7.3,0.84,"VN00000005","2024-03-12 07:09:14","2024-03-12 07:09:14"
"LD0000000000158","CUS0000000699","COL000000000283","COLR0000000000000158","Unsecured",5.87,"005W","2023-11-26","2024-10-29",264142683,264142683,"IND03","Active","Monthly",\N,\N,"VN00000016","2023-11-26 00:27:03","2023-11-26 00:27:03"
"LDPD00000000159","CUS0000000160","COL000000000212","COLR0000000000000159","Overdraft",6.85,"019M","2024-06-01","2025-04-16",790407222,0,"IND20","Repaid","Quarterly",\N,\N,"VN00000011","2024-06-01 02:11:42","2024-06-01 02:11:42"
"LD0000000000160","CUS0000000739","COL000000000174","COLR0000000000000160","Secured",3.88,"003W","2024-03-30","2024-10-01",955052486,955052486,"IND09","Active","Annual",\N,\N,"VN00000002","2024-03-30 00:15:28","2024-03-30 00:15:28"
"LD0000000000161","CUS0000000063","COL000000000141","COLR0000000000000161","Secured",3.92,"003W","2024-01-29","2024-03-18",161085229,161085229,"IND12","Active","Quarterly",\N,\N,"VN00000003","2024-01-29 08:48:51","2024-01-29 08:48:51"
"LDPD00000000162","CUS0000000932","COL000000000087","COLR0000000000000162","Unsecured",7.08,"020M","2024-07-29","2025-04-21",723123952,0,"IND18","Repaid","Bullet Payment",\N,\N,"VN00000002","2024-07-29 15:50:14","2024-07-29 15:50:14"
"LDPD00000000163","CUS0000000620","COL000000000226","COLR0000000000000163","Secured",3.64,"021D","2024-03-29","2024-12-27",638339044,0,"IND05","Repaid","Weekly",\N,\N,"VN00000015","2024-03-29 14:26:33","2024-03-29 14:26:33"
"LD0000000000164","CUS0000000871","COL000000000185","COLR0000000000000164","Secured",4.01,"023D","2024-01-18","2024-05-15",142028540,142028540,"IND08","Active","Bullet Payment",\N,\N,"VN00000015","2024-01-18 02:12:15","2024-01-18 02:12:15"
"LDPD00000000165","CUS0000000014","COL000000000069","COLR0000000000000165","Secured",3.32,"017M","2024-01-03","2024-08-10",403754671,0,"IND13","Repaid","Semi-Annual",\N,\N,"VN00000011","2024-01-03 13:34:23","2024-01-03 13:34:23"
"LDPD00000000166","CUS0000000872","COL000000000089","COLR0000000000000166","Secured",4.29,"002M","2023-11-09","2024-01-11",454002758,0,"IND04","Repaid","Annual",\N,\N,"VN00000013","2023-11-09 03:44:21","2023-11-09 03:44:21"
"LD0000000000167","CUS0000000574","COL000000000221","COLR0000000000000167","Unsecured",8.86,"024M","2023-10-08","2024-09-10",261462131,261462131,"IND11","Active","Weekly",\N,\N,"VN00000019","2023-10-08 16:52:01","2023-10-08 16:52:01"
"LDPD00000000168","CUS0000000475","COL000000000040","COLR0000000000000168","Unsecured",8.87,"012W","2024-02-29","2024-10-16",238460786,0,"IND20","Repaid","Bullet Payment",\N,\N,"VN00000003","2024-02-29 20:39:03","2024-02-29 20:39:03"
"LD0000000000169","CUS0000000218","COL000000000181","COLR0000000000000169","Secured",4.58,"013M","2024-02-23","2024-05-28",819532005,819532005,"IND17","Active","Weekly",\N,\N,"VN00000014","2024-02-23 15:25:21","2024-02-23 15:25:21"
"LDPD00000000170","CUS0000000243","COL000000000215","COLR0000000000000170","Secured",3.62,"001W","2023-09-20","2024-02-06",466932310,0,"IND16","Repaid","Monthly",\N,\N,"VN00000008","2023-09-20 06:51:31","2023-09-20 06:51:31"
"LD0000000000171","CUS0000000505","COL000000000057","COLR0000000000000171","Unsecured",8.39,"003W","2024-06-04","2024-08-24",645127678,645127678,"IND18","Active","Bullet Payment",\N,\N,"VN00000017","2024-06-04 11:55:19","2024-06-04 11:55:19"
"LD0000000000172","CUS0000000772","COL000000000095","COLR0000000000000172","Overdraft",5.61,"011M","2023-09-03","2024-04-12",265627642,265627642,"IND06","Active","Monthly",\N,\N,"VN00000020","2023-09-03 06:40:41","2023-09-03 06:40:41"
"LD0000000000173","CUS0000000879","COL000000000120","COLR0000000000000173","Overdraft",6.7,"015D","2024-07-15","2024-12-13",576954730,576954730,"IND20","Active","Quarterly",\N,\N,"VN00000015","2024-07-15 09:34:57","2024-07-15 09:34:57"
"LD0000000000174","CUS0000000780","COL000000000158","COLR0000000000000174","Secured",4.93,"008W","2023-09-27","2024-06-23",996696177,996696177,"IND07","Active","Quarterly",\N,\N,"VN00000019","2023-09-27 13:31:32","2023-09-27 13:31:32"
"LDPD00000000175","CUS0000000672","COL000000000263","COLR0000000000000175","Secured",4.01,"010W","2023-10-14","2024-06-14",274008639,0,"IND07","Repaid","Annual",\N,\N,"VN00000005","2023-10-14 08:06:21","2023-10-14 08:06:21"
"LD0000000000176","CUS0000000314","COL000000000034","COLR0000000000000176","Unsecured",8.51,"021W","2024-04-15","2025-02-22",210154881,210154881,"IND17","Active","Weekly",\N,\N,"VN00000010","2024-04-15 15:44:33","2024-04-15 15:44:33"
"LD0000000000177","CUS0000000509","COL000000000081","COLR0000000000000177","Overdraft",6.85,"006W","2023-10-17","2024-08-04",258214411,258214411,"IND14","Active","Weekly",\N,\N,"VN00000008","2023-10-17 02:39:43","2023-10-17 02:39:43"
"LDPD00000000178","CUS0000000234","COL000000000257","COLR0000000000000178","Secured",3.11,"001W","2024-06-18","2025-04-01",501538092,0,"IND08","Repaid","Semi-Annual",\N,\N,"VN00000003","2024-06-18 14:14:11","2024-06-18 14:14:11"
"LD0000000000179","CUS0000000783","COL000000000047","COLR0000000000000179","Unsecured",8.73,"001W","2024-05-06","2025-05-03",460015275,460015275,"IND05","Active","Monthly",\N,\N,"VN00000002","2024-05-06 06:03:58","2024-05-06 06:03:58"
"LD0000000000180","CUS0000000475","COL000000000040","COLR0000000000000180","Secured",4.52,"023D","2024-01-26","2024-10-22",581682167,581682167,"IND20","Active","Weekly",\N,\N,"VN00000003","2024-01-26 22:20:15","2024-01-26 22:20:15"
"LD0000000000181","CUS0000000028","COL000000000154","COLR0000000000000181","Unsecured",7.24,"007D","2024-04-03","2025-03-10",666690337,666690337,"IND14","Active","Weekly",\N,\N,"VN00000010","2024-04-03 14:27:24","2024-04-03 14:27:24"
"LD0000000000182","CUS0000000648","COL000000000139","COLR0000000000000182","Unsecured",6.03,"004D","2023-09-09","2024-08-31",952442674,952442674,"IND20","Active","Semi-Annual",\N,\N,"VN00000003","2023-09-09 15:38:34","2023-09-09 15:38:34"
"LD0000000000183","CUS0000000131","COL000000000020","COLR0000000000000183","Secured",3.03,"020M","2024-01-12","2024-10-31",717452511,717452511,"IND08","Active","Bullet Payment",\N,\N,"VN00000005","2024-01-12 09:48:46","2024-01-12 09:48:46"
"LD0000000000184","CUS0000000863","COL000000000107","COLR0000000000000184","Secured",3.71,"001M","2024-01-11","2024-11-28",547286055,547286055,"IND06","Active","Bullet Payment",\N,\N,"VN00000003","2024-01-11 04:28:16","2024-01-11 04:28:16"
"LDPD00000000185","CUS0000000022","COL000000000035","COLR0000000000000185","Secured",4.09,"003M","2024-04-03","2025-01-17",695016134,0,"IND01","Repaid","Semi-Annual",\N,\N,"VN00000016","2024-04-03 09:36:15","2024-04-03 09:36:15"
"LD0000000000186","CUS0000000792","COL000000000122","COLR0000000000000186","Overdraft",6.09,"013W","2024-02-13","2024-03-22",483426624,483426624,"IND03","Active","Quarterly",\N,\N,"VN00000008","2024-02-13 18:03:46","2024-02-13 18:03:46"
"LDOD00000000187","CUS0000000135","COL000000000155","COLR0000000000000187","Overdraft",8.11,"021D","2024-03-08","2024-09-24",243247463,232013680,"IND18","Overdue","Quarterly",8.15,0.26,"VN00000015","2024-03-08 11:13:29","2024-03-08 11:13:29"
"LDPD00000000188","CUS0000000139","COL000000000142","COLR0000000000000188","Secured",4.62,"021D","2023-11-21","2024-01-22",868847524,0,"IND15","Repaid","Weekly",\N,\N,"VN00000010","2023-11-21 14:52:15","2023-11-21 14:52:15"
"LD0000000000189","CUS0000000780","COL000000000158","COLR0000000000000189","Unsecured",6.33,"007D","2024-03-17","2024-09-21",653388913,653388913,"IND13","Active","Annual",\N,\N,"VN00000016","2024-03-17 19:57:38","2024-03-17 19:57:38"
"LD0000000000190","CUS0000000628","COL000000000244","COLR0000000000000190","Unsecured",6.22,"021D","2024-07-15","2024-09-07",804086195,804086195,"IND11","Active","Quarterly",\N,\N,"VN00000004","2024-07-15 06:34:11","2024-07-15 06:34:11"
"LD0000000000191","CUS0000000233","COL000000000266","COLR0000000000000191","Secured",3.88,"013M","2023-08-20","2024-04-03",464037804,464037804,"IND06","Active","Semi-Annual",\N,\N,"VN00000016","2023-08-20 10:31:57","2023-08-20 10:31:57"
"LD0000000000192","CUS0000000231","COL000000000152","COLR0000000000000192","Secured",4.45,"009D","2024-05-06","2024-07-15",562360908,562360908,"IND20","Active","Monthly",\N,\N,"VN00000018","2024-05-06 04:13:21","2024-05-06 04:13:21"
"LD0000000000193","CUS0000000700","COL000000000045","COLR0000000000000193","Secured",3.66,"004D","2024-05-21","2024-11-18",429097422,429097422,"IND15","Active","Annual",\N,\N,"VN00000014","2024-05-21 21:08:09","2024-05-21 21:08:09"
"LD0000000000194","CUS0000000202","COL000000000103","COLR0000000000000194","Overdraft",6.84,"015W","2023-09-29","2024-04-26",760191749,760191749,"IND14","Active","Quarterly",\N,\N,"VN00000002","2023-09-29 11:13:16","2023-09-29 11:13:16"
"LD0000000000195","CUS0000000975","COL000000000260","COLR0000000000000195","Overdraft",6.52,"021W","2024-05-06","2024-08-25",133436988,133436988,"IND05","Active","Annual",\N,\N,"VN00000015","2024-05-06 17:31:22","2024-05-06 17:31:22"
"LD0000000000196","CUS0000000692","COL000000000267","COLR0000000000000196","Unsecured",8.14,"003D","2024-07-24","2025-02-26",488856231,488856231,"IND13","Active","Annual",\N,\N,"VN00000002","2024-07-24 14:20:51","2024-07-24 14:20:51"
"LDPD00000000197","CUS0000000241","COL000000000198","COLR0000000000000197","Unsecured",8.8,"022W","2024-03-11","2024-10-17",576676179,0,"IND03","Repaid","Annual",\N,\N,"VN00000005","2024-03-11 12:26:52","2024-03-11 12:26:52"
"LDPD00000000198","CUS0000000642","COL000000000286","COLR0000000000000198","Secured",4.3,"013W","2024-06-02","2024-11-06",221814525,0,"IND01","Repaid","Bullet Payment",\N,\N,"VN00000006","2024-06-02 14:12:36","2024-06-02 14:12:36"
"LDPD00000000199","CUS0000000398","COL000000000184","COLR0000000000000199","Secured",3.24,"013M","2023-11-27","2024-05-08",855954847,0,"IND15","Repaid","Monthly",\N,\N,"VN00000020","2023-11-27 14:30:45","2023-11-27 14:30:45"
"LD0000000000200","CUS0000000461","COL000000000193","COLR0000000000000200","Overdraft",5.58,"016D","2024-06-09","2024-08-15",585377142,585377142,"IND06","Active","Bullet Payment",\N,\N,"VN00000015","2024-06-09 11:22:51","2024-06-09 11:22:51"
"LD0000000000201","CUS0000000271","COL000000000004","COLR0000000000000201","Overdraft",6.45,"011M","2024-04-20","2024-06-22",690554938,690554938,"IND18","Active","Quarterly",\N,\N,"VN00000010","2024-04-20 21:43:07","2024-04-20 21:43:07"
"LD0000000000202","CUS0000000703","COL000000000098","COLR0000000000000202","Overdraft",7.59,"023M","2023-12-26","2024-07-28",646272321,646272321,"IND08","Active","Weekly",\N,\N,"VN00000007","2023-12-26 02:11:12","2023-12-26 02:11:12"
"LD0000000000203","CUS0000000554","COL000000000191","COLR0000000000000203","Unsecured",6.51,"016D","2023-09-28","2024-08-16",496115351,496115351,"IND15","Active","Annual",\N,\N,"VN00000005","2023-09-28 07:15:47","2023-09-28 07:15:47"
"LDPD00000000204","CUS0000000053","COL000000000297","COLR0000000000000204","Unsecured",6.65,"003W","2023-12-07","2024-09-07",664461415,0,"IND14","Repaid","Semi-Annual",\N,\N,"VN00000019","2023-12-07 23:08:28","2023-12-07 23:08:28"
"LD0000000000205","CUS0000000807","COL000000000275","COLR0000000000000205","Unsecured",5.39,"011M","2024-01-31","2024-10-25",830261466,830261466,"IND17","Active","Quarterly",\N,\N,"VN00000005","2024-01-31 19:49:39","2024-01-31 19:49:39"
"LDOD00000000206","CUS0000000638","COL000000000295","COLR0000000000000206","Secured",3.36,"021M","2023-10-16","2024-01-20",564520346,407773366,"IND02","Overdue","Weekly",5.23,0.37,"VN00000006","2023-10-16 09:39:31","2023-10-16 09:39:31"
"LD0000000000207","CUS0000000131","COL000000000020","COLR0000000000000207","Overdraft",8.8,"008W","2024-02-08","2024-11-29",404994549,404994549,"IND03","Active","Quarterly",\N,\N,"VN00000007","2024-02-08 04:31:59","2024-02-08 04:31:59"
"LDPD00000000208","CUS0000000242","COL000000000070","COLR0000000000000208","Secured",4.25,"009D","2023-08-17","2024-07-26",672817675,0,"IND03","Repaid","Annual",\N,\N,"VN00000006","2023-08-17 05:46:12","2023-08-17 05:46:12"
"LDPD00000000209","CUS0000000473","COL000000000235","COLR0000000000000209","Secured",4.32,"005D","2024-05-22","2025-04-26",462516271,0,"IND19","Repaid","Weekly",\N,\N,"VN00000001","2024-05-22 09:54:26","2024-05-22 09:54:26"
"LD0000000000210","CUS0000000699","COL000000000214","COLR0000000000000210","Unsecured",6.13,"021M","2024-07-21","2024-12-05",923515952,923515952,"IND19","Active","Semi-Annual",\N,\N,"VN00000020","2024-07-21 03:03:45","2024-07-21 03:03:45"
"LDPD00000000211","CUS0000000477","COL000000000097","COLR0000000000000211","Unsecured",7.23,"016M","2024-05-21","2025-05-14",424371087,0,"IND16","Repaid","Monthly",\N,\N,"VN00000013","2024-05-21 11:25:54","2024-05-21 11:25:54"
"LD0000000000212","CUS0000000703","COL000000000098","COLR0000000000000212","Secured",3.12,"003M","2023-11-26","2024-08-07",546270451,546270451,"IND16","Active","Semi-Annual",\N,\N,"VN00000007","2023-11-26 06:29:07","2023-11-26 06:29:07"
"LD0000000000213","CUS0000000041","COL000000000129","COLR0000000000000213","Secured",4.72,"005W","2024-02-26","2024-09-06",888340979,888340979,"IND12","Active","Semi-Annual",\N,\N,"VN00000005","2024-02-26 09:19:20","2024-02-26 09:19:20"
"LDOD00000000214","CUS0000000900","COL000000000201","COLR0000000000000214","Secured",3.21,"017M","2024-06-06","2024-11-06",600871106,527749932,"IND15","Overdue","Monthly",1.49,0.15,"VN00000013","2024-06-06 21:31:26","2024-06-06 21:31:26"
"LDPD00000000215","CUS0000000922","COL000000000123","COLR0000000000000215","Secured",4.63,"008D","2023-10-24","2024-09-13",874305759,0,"IND11","Repaid","Monthly",\N,\N,"VN00000006","2023-10-24 08:40:40","2023-10-24 08:40:40"
"LDPD00000000216","CUS0000000684","COL000000000168","COLR0000000000000216","Secured",4.76,"015W","2024-02-29","2024-12-09",124885365,0,"IND03","Repaid","Semi-Annual",\N,\N,"VN00000017","2024-02-29 03:27:28","2024-02-29 03:27:28"
"LDPD00000000217","CUS0000000816","COL000000000108","COLR0000000000000217","Unsecured",6.48,"007M","2024-08-04","2024-09-28",402104065,0,"IND16","Repaid","Annual",\N,\N,"VN00000016","2024-08-04 09:49:46","2024-08-04 09:49:46"
"LD0000000000218","CUS0000000822","COL000000000096","COLR0000000000000218","Secured",3.86,"001D","2023-09-26","2024-03-09",881155839,881155839,"IND12","Active","Semi-Annual",\N,\N,"VN00000012","2023-09-26 07:20:32","2023-09-26 07:20:32"
"LD0000000000219","CUS0000000556","COL000000000101","COLR0000000000000219","Secured",4.12,"002M","2024-07-19","2025-02-19",694018597,694018597,"IND10","Active","Weekly",\N,\N,"VN00000013","2024-07-19 01:20:34","2024-07-19 01:20:34"
"LDPD00000000220","CUS0000000059","COL000000000041","COLR0000000000000220","Secured",4.65,"018W","2024-04-14","2025-03-29",830572478,0,"IND20","Repaid","Weekly",\N,\N,"VN00000005","2024-04-14 19:44:30","2024-04-14 19:44:30"
"LD0000000000221","CUS0000000407","COL000000000163","COLR0000000000000221","Secured",4.12,"012W","2023-12-09","2024-07-13",910637681,910637681,"IND05","Active","Monthly",\N,\N,"VN00000020","2023-12-09 21:13:43","2023-12-09 21:13:43"
"LDPD00000000222","CUS0000000231","COL000000000152","COLR0000000000000222","Secured",3.09,"017D","2024-07-07","2024-10-15",866213410,0,"IND11","Repaid","Semi-Annual",\N,\N,"VN00000017","2024-07-07 20:26:54","2024-07-07 20:26:54"
"LDPD00000000223","CUS0000000773","COL000000000150","COLR0000000000000223","Unsecured",5.65,"020M","2024-04-20","2025-03-29",442019016,0,"IND06","Repaid","Semi-Annual",\N,\N,"VN00000020","2024-04-20 02:57:45","2024-04-20 02:57:45"
"LDOD00000000224","CUS0000000207","COL000000000188","COLR0000000000000224","Unsecured",7.08,"019W","2024-02-29","2024-12-15",671595541,506321843,"IND19","Overdue","Quarterly",4.8,0.11,"VN00000011","2024-02-29 03:16:57","2024-02-29 03:16:57"
"LDPD00000000225","CUS0000000566","COL000000000288","COLR0000000000000225","Unsecured",6.3,"014M","2024-04-08","2025-03-26",128612164,0,"IND20","Repaid","Semi-Annual",\N,\N,"VN00000009","2024-04-08 11:32:07","2024-04-08 11:32:07"
"LDPD00000000226","CUS0000000736","COL000000000291","COLR0000000000000226","Overdraft",5.99,"019M","2023-11-01","2023-12-27",726553348,0,"IND16","Repaid","Monthly",\N,\N,"VN00000017","2023-11-01 05:30:27","2023-11-01 05:30:27"
"LDPD00000000227","CUS0000000377","COL000000000240","COLR0000000000000227","Overdraft",5.68,"020W","2023-10-14","2024-03-16",133898577,0,"IND19","Repaid","Bullet Payment",\N,\N,"VN00000004","2023-10-14 08:05:12","2023-10-14 08:05:12"
"LD0000000000228","CUS0000000664","COL000000000259","COLR0000000000000228","Unsecured",6.73,"015W","2024-01-08","2024-09-05",841419015,841419015,"IND07","Active","Semi-Annual",\N,\N,"VN00000017","2024-01-08 04:39:04","2024-01-08 04:39:04"
"LDOD00000000229","CUS0000000233","COL000000000266","COLR0000000000000229","Secured",4.45,"016M","2024-06-07","2024-09-15",656931857,560640516,"IND11","Overdue","Bullet Payment",4.84,0.44,"VN00000006","2024-06-07 02:38:14","2024-06-07 02:38:14"
"LDPD00000000230","CUS0000000961","COL000000000173","COLR0000000000000230","Secured",3.71,"011M","2023-10-17","2024-10-10",962915335,0,"IND09","Repaid","Annual",\N,\N,"VN00000016","2023-10-17 17:16:04","2023-10-17 17:16:04"
"LD0000000000231","CUS0000000720","COL000000000117","COLR0000000000000231","Unsecured",6.26,"009M","2024-03-12","2024-09-10",928042067,928042067,"IND10","Active","Bullet Payment",\N,\N,"VN00000007","2024-03-12 10:53:54","2024-03-12 10:53:54"
"LDPD00000000232","CUS0000000770","COL000000000023","COLR0000000000000232","Overdraft",6.97,"016W","2024-06-13","2025-04-25",954059995,0,"IND09","Repaid","Quarterly",\N,\N,"VN00000004","2024-06-13 08:50:47","2024-06-13 08:50:47"
"LDPD00000000233","CUS0000000130","COL000000000296","COLR0000000000000233","Overdraft",8.59,"018W","2024-08-08","2025-03-28",978726109,0,"IND12","Repaid","Monthly",\N,\N,"VN00000010","2024-08-08 05:13:49","2024-08-08 05:13:49"
"LD0000000000234","CUS0000000053","COL000000000297","COLR0000000000000234","Unsecured",6.45,"023D","2024-03-08","2024-11-19",804344630,804344630,"IND09","Active","Bullet Payment",\N,\N,"VN00000016","2024-03-08 22:46:34","2024-03-08 22:46:34"
"LD0000000000235","CUS0000000593","COL000000000144","COLR0000000000000235","Unsecured",8.74,"018W","2024-08-06","2025-01-22",247395716,247395716,"IND04","Active","Annual",\N,\N,"VN00000019","2024-08-06 16:30:05","2024-08-06 16:30:05"
"LD0000000000236","CUS0000000271","COL000000000109","COLR0000000000000236","Unsecured",8.63,"002M","2023-08-16","2024-01-08",784987769,784987769,"IND08","Active","Weekly",\N,\N,"VN00000004","2023-08-16 04:51:07","2023-08-16 04:51:07"
"LDPD00000000237","CUS0000000976","COL000000000046","COLR0000000000000237","Secured",3.2,"023W","2024-04-04","2024-07-13",105563528,0,"IND18","Repaid","Monthly",\N,\N,"VN00000014","2024-04-04 14:05:23","2024-04-04 14:05:23"
"LDPD00000000238","CUS0000000063","COL000000000141","COLR0000000000000238","Secured",3.4,"016M","2023-12-19","2024-06-13",444851196,0,"IND10","Repaid","Bullet Payment",\N,\N,"VN00000002","2023-12-19 20:52:30","2023-12-19 20:52:30"
"LDOD00000000239","CUS0000000503","COL000000000162","COLR0000000000000239","Unsecured",6.01,"021M","2024-02-21","2024-04-10",287974375,223724427,"IND06","Overdue","Weekly",9.97,0.46,"VN00000016","2024-02-21 17:39:25","2024-02-21 17:39:25"
"LD0000000000240","CUS0000000557","COL000000000220","COLR0000000000000240","Overdraft",5.14,"010D","2023-08-23","2024-07-08",747233283,747233283,"IND04","Active","Quarterly",\N,\N,"VN00000010","2023-08-23 13:03:29","2023-08-23 13:03:29"
"LDPD00000000241","CUS0000000973","COL000000000245","COLR0000000000000241","Overdraft",7.03,"018M","2023-09-28","2024-01-04",641394238,0,"IND15","Repaid","Quarterly",\N,\N,"VN00000007","2023-09-28 10:12:15","2023-09-28 10:12:15"
"LD0000000000242","CUS0000000682","COL000000000043","COLR0000000000000242","Secured",3.92,"006M","2024-08-10","2025-01-18",871588919,871588919,"IND06","Active","Weekly",\N,\N,"VN00000011","2024-08-10 19:20:54","2024-08-10 19:20:54"
"LD0000000000243","CUS0000000092","COL000000000076","COLR0000000000000243","Secured",3.35,"022D","2024-01-03","2024-12-25",535391971,535391971,"IND14","Active","Annual",\N,\N,"VN00000011","2024-01-03 22:44:51","2024-01-03 22:44:51"
"LD0000000000244","CUS0000000682","COL000000000219","COLR0000000000000244","Secured",3.37,"022D","2024-07-22","2024-10-31",612662437,612662437,"IND11","Active","Monthly",\N,\N,"VN00000001","2024-07-22 05:48:11","2024-07-22 05:48:11"
"LD0000000000245","CUS0000000864","COL000000000196","COLR0000000000000245","Secured",4.51,"008W","2024-07-03","2025-01-17",424211872,424211872,"IND19","Active","Bullet Payment",\N,\N,"VN00000019","2024-07-03 23:12:22","2024-07-03 23:12:22"
"LD0000000000246","CUS0000000388","COL000000000066","COLR0000000000000246","Unsecured",7.8,"021W","2024-06-24","2024-08-24",817029885,817029885,"IND04","Active","Semi-Annual",\N,\N,"VN00000010","2024-06-24 07:12:28","2024-06-24 07:12:28"
"LD0000000000247","CUS0000000736","COL000000000291","COLR0000000000000247","Secured",4.85,"022M","2023-12-13","2024-06-19",841193655,841193655,"IND04","Active","Bullet Payment",\N,\N,"VN00000010","2023-12-13 09:45:39","2023-12-13 09:45:39"
"LD0000000000248","CUS0000000701","COL000000000007","COLR0000000000000248","Secured",4.91,"008D","2023-11-16","2024-08-16",264481748,264481748,"IND15","Active","Bullet Payment",\N,\N,"VN00000020","2023-11-16 23:22:44","2023-11-16 23:22:44"
"LD0000000000249","CUS0000000773","COL000000000150","COLR0000000000000249","Secured",4.83,"023M","2023-09-07","2024-07-08",961135562,961135562,"IND07","Active","Monthly",\N,\N,"VN00000020","2023-09-07 11:25:24","2023-09-07 11:25:24"
"LD0000000000250","CUS0000000769","COL000000000179","COLR0000000000000250","Secured",4.41,"015M","2023-11-17","2024-01-25",705771555,705771555,"IND04","Active","Weekly",\N,\N,"VN00000018","2023-11-17 12:36:27","2023-11-17 12:36:27"
"LDPD00000000251","CUS0000000088","COL000000000015","COLR0000000000000251","Unsecured",5.68,"019M","2024-07-21","2025-02-03",658712474,0,"IND15","Repaid","Weekly",\N,\N,"VN00000007","2024-07-21 23:09:51","2024-07-21 23:09:51"
"LDOD00000000252","CUS0000000106","COL000000000094","COLR0000000000000252","Secured",4.8,"016D","2024-03-23","2024-12-06",968326513,890741743,"IND05","Overdue","Annual",4.21,0.61,"VN00000018","2024-03-23 07:40:17","2024-03-23 07:40:17"
"LDPD00000000253","CUS0000000769","COL000000000179","COLR0000000000000253","Overdraft",5.18,"010M","2023-09-15","2024-02-22",976659977,0,"IND01","Repaid","Bullet Payment",\N,\N,"VN00000007","2023-09-15 13:35:26","2023-09-15 13:35:26"
"LDPD00000000254","CUS0000000234","COL000000000257","COLR0000000000000254","Unsecured",6.44,"002W","2023-09-18","2023-11-19",681069884,0,"IND02","Repaid","Weekly",\N,\N,"VN00000016","2023-09-18 05:52:10","2023-09-18 05:52:10"
"LD0000000000255","CUS0000000563","COL000000000052","COLR0000000000000255","Unsecured",8.1,"014D","2024-05-26","2025-05-19",883068639,883068639,"IND14","Active","Quarterly",\N,\N,"VN00000013","2024-05-26 05:23:41","2024-05-26 05:23:41"
"LDPD00000000256","CUS0000000727","COL000000000112","COLR0000000000000256","Secured",4.37,"013D","2024-02-20","2024-12-22",242796714,0,"IND12","Repaid","Weekly",\N,\N,"VN00000006","2024-02-20 17:16:51","2024-02-20 17:16:51"
"LDPD00000000257","CUS0000000188","COL000000000126","COLR0000000000000257","Secured",4.46,"017D","2024-06-27","2024-11-18",996382881,0,"IND01","Repaid","Weekly",\N,\N,"VN00000010","2024-06-27 21:24:34","2024-06-27 21:24:34"
"LDPD00000000258","CUS0000000976","COL000000000046","COLR0000000000000258","Overdraft",6.75,"024M","2023-09-11","2024-04-22",984076542,0,"IND08","Repaid","Monthly",\N,\N,"VN00000015","2023-09-11 20:37:44","2023-09-11 20:37:44"
"LD0000000000259","CUS0000000662","COL000000000021","COLR0000000000000259","Unsecured",8.76,"009D","2024-06-06","2024-09-01",134593072,134593072,"IND14","Active","Annual",\N,\N,"VN00000001","2024-06-06 08:50:51","2024-06-06 08:50:51"
"LD0000000000260","CUS0000000900","COL000000000201","COLR0000000000000260","Unsecured",7.42,"003D","2024-03-09","2024-11-22",741866641,741866641,"IND02","Active","Monthly",\N,\N,"VN00000002","2024-03-09 20:42:10","2024-03-09 20:42:10"
"LDPD00000000261","CUS0000000958","COL000000000049","COLR0000000000000261","Secured",3.43,"008M","2024-06-08","2024-08-05",250469429,0,"IND17","Repaid","Quarterly",\N,\N,"VN00000008","2024-06-08 09:36:57","2024-06-08 09:36:57"
"LDOD00000000262","CUS0000000805","COL000000000166","COLR0000000000000262","Secured",4.2,"011M","2023-10-03","2024-04-14",354373770,287760212,"IND05","Overdue","Bullet Payment",5.26,0.47,"VN00000009","2023-10-03 19:41:40","2023-10-03 19:41:40"
"LD0000000000263","CUS0000000028","COL000000000225","COLR0000000000000263","Secured",4.82,"019M","2023-10-04","2024-09-18",828802398,828802398,"IND14","Active","Annual",\N,\N,"VN00000016","2023-10-04 20:13:00","2023-10-04 20:13:00"
"LD0000000000264","CUS0000000525","COL000000000211","COLR0000000000000264","Secured",3.76,"021M","2024-04-28","2025-02-20",442238518,442238518,"IND14","Active","Semi-Annual",\N,\N,"VN00000005","2024-04-28 04:50:42","2024-04-28 04:50:42"
"LD0000000000265","CUS0000000192","COL000000000029","COLR0000000000000265","Secured",3.95,"006M","2024-02-16","2024-07-10",422913264,422913264,"IND05","Active","Semi-Annual",\N,\N,"VN00000002","2024-02-16 13:28:28","2024-02-16 13:28:28"
"LDPD00000000266","CUS0000000367","COL000000000077","COLR0000000000000266","Secured",4.06,"014M","2024-03-16","2024-10-30",360767346,0,"IND09","Repaid","Monthly",\N,\N,"VN00000011","2024-03-16 12:03:45","2024-03-16 12:03:45"
"LDPD00000000267","CUS0000000700","COL000000000045","COLR0000000000000267","Unsecured",5.46,"015W","2023-10-19","2024-02-23",155337035,0,"IND09","Repaid","Semi-Annual",\N,\N,"VN00000020","2023-10-19 02:36:59","2023-10-19 02:36:59"
"LDPD00000000268","CUS0000000161","COL000000000032","COLR0000000000000268","Unsecured",8.24,"003D","2023-11-26","2024-10-21",877716824,0,"IND18","Repaid","Monthly",\N,\N,"VN00000016","2023-11-26 22:01:42","2023-11-26 22:01:42"
"LD0000000000269","CUS0000000459","COL000000000014","COLR0000000000000269","Secured",3.42,"010D","2024-03-07","2024-07-12",896152940,896152940,"IND04","Active","Bullet Payment",\N,\N,"VN00000016","2024-03-07 21:47:52","2024-03-07 21:47:52"
"LD0000000000270","CUS0000000730","COL000000000299","COLR0000000000000270","Overdraft",5.9,"020M","2024-07-19","2024-12-18",692790631,692790631,"IND11","Active","Quarterly",\N,\N,"VN00000013","2024-07-19 19:11:13","2024-07-19 19:11:13"
"LDPD00000000271","CUS0000000081","COL000000000282","COLR0000000000000271","Secured",3.62,"021W","2024-04-07","2024-11-07",650632566,0,"IND16","Repaid","Semi-Annual",\N,\N,"VN00000004","2024-04-07 13:23:12","2024-04-07 13:23:12"
"LDOD00000000272","CUS0000000499","COL000000000143","COLR0000000000000272","Secured",3.74,"011D","2024-01-27","2024-09-24",149086585,104395605,"IND08","Overdue","Bullet Payment",1.54,0.33,"VN00000019","2024-01-27 07:27:11","2024-01-27 07:27:11"
"LDPD00000000273","CUS0000000675","COL000000000146","COLR0000000000000273","Overdraft",5.69,"014W","2023-11-06","2024-05-22",346980616,0,"IND13","Repaid","Annual",\N,\N,"VN00000008","2023-11-06 05:37:26","2023-11-06 05:37:26"
"LDPD00000000274","CUS0000000092","COL000000000076","COLR0000000000000274","Secured",3.68,"021M","2024-08-10","2025-05-17",876914430,0,"IND16","Repaid","Semi-Annual",\N,\N,"VN00000006","2024-08-10 17:37:22","2024-08-10 17:37:22"
"LDOD00000000275","CUS0000000277","COL000000000031","COLR0000000000000275","Secured",4.44,"006D","2024-03-12","2024-12-17",297619784,165749252,"IND18","Overdue","Bullet Payment",9.58,0.57,"VN00000003","2024-03-12 10:07:31","2024-03-12 10:07:31"
"LDPD00000000276","CUS0000000459","COL000000000014","COLR0000000000000276","Unsecured",5.64,"001W","2024-06-04","2025-05-22",348499712,0,"IND03","Repaid","Bullet Payment",\N,\N,"VN00000005","2024-06-04 07:06:12","2024-06-04 07:06:12"
"LD0000000000277","CUS0000000662","COL000000000021","COLR0000000000000277","Unsecured",6.56,"017W","2024-05-25","2025-05-06",784755860,784755860,"IND20","Active","Semi-Annual",\N,\N,"VN00000016","2024-05-25 10:58:20","2024-05-25 10:58:20"
"LD0000000000278","CUS0000000832","COL000000000056","COLR0000000000000278","Unsecured",6.7,"018M","2024-05-09","2024-06-16",668457864,668457864,"IND09","Active","Annual",\N,\N,"VN00000010","2024-05-09 21:33:14","2024-05-09 21:33:14"
"LD0000000000279","CUS0000000188","COL000000000126","COLR0000000000000279","Secured",3.86,"023M","2023-11-02","2024-03-02",214908010,214908010,"IND04","Active","Annual",\N,\N,"VN00000005","2023-11-02 02:23:07","2023-11-02 02:23:07"
"LD0000000000280","CUS0000000462","COL000000000111","COLR0000000000000280","Unsecured",6.08,"020M","2024-05-18","2024-12-15",387037751,387037751,"IND13","Active","Weekly",\N,\N,"VN00000012","2024-05-18 20:41:15","2024-05-18 20:41:15"
"LDPD00000000281","CUS0000000832","COL000000000056","COLR0000000000000281","Secured",4.98,"019D","2023-12-15","2024-05-08",422095317,0,"IND03","Repaid","Bullet Payment",\N,\N,"VN00000002","2023-12-15 00:55:41","2023-12-15 00:55:41"
"LD0000000000282","CUS0000000386","COL000000000028","COLR0000000000000282","Secured",4.11,"013W","2024-01-17","2024-03-15",783703040,783703040,"IND01","Active","Bullet Payment",\N,\N,"VN00000006","2024-01-17 22:23:57","2024-01-17 22:23:57"
"LD0000000000283","CUS0000000099","COL000000000167","COLR0000000000000283","Secured",4.57,"014M","2024-05-02","2025-03-17",202393989,202393989,"IND17","Active","Weekly",\N,\N,"VN00000008","2024-05-02 20:05:52","2024-05-02 20:05:52"
"LD0000000000284","CUS0000000776","COL000000000082","COLR0000000000000284","Overdraft",6.16,"019W","2024-04-24","2024-07-01",834899763,834899763,"IND09","Active","Annual",\N,\N,"VN00000019","2024-04-24 08:49:27","2024-04-24 08:49:27"
"LDPD00000000285","CUS0000000541","COL000000000209","COLR0000000000000285","Unsecured",5.16,"006W","2024-01-08","2024-05-23",730325223,0,"IND05","Repaid","Bullet Payment",\N,\N,"VN00000013","2024-01-08 00:03:10","2024-01-08 00:03:10"
"LD0000000000286","CUS0000000296","COL000000000115","COLR0000000000000286","Unsecured",6.04,"006M","2024-02-02","2024-09-18",826960759,826960759,"IND18","Active","Quarterly",\N,\N,"VN00000013","2024-02-02 02:54:37","2024-02-02 02:54:37"
"LDOD00000000287","CUS0000000796","COL000000000217","COLR0000000000000287","Overdraft",7.92,"005M","2024-07-30","2025-05-12",900427880,495851322,"IND02","Overdue","Weekly",4.43,0.85,"VN00000011","2024-07-30 08:31:57","2024-07-30 08:31:57"
"LDPD00000000288","CUS0000000898","COL000000000074","COLR0000000000000288","Overdraft",6.65,"020M","2024-03-03","2024-09-16",131810311,0,"IND09","Repaid","Semi-Annual",\N,\N,"VN00000016","2024-03-03 23:40:41","2024-03-03 23:40:41"
"LD0000000000289","CUS0000000770","COL000000000023","COLR0000000000000289","Secured",3.86,"018W","2024-02-07","2025-01-01",809391059,809391059,"IND13","Active","Weekly",\N,\N,"VN00000020","2024-02-07 07:40:39","2024-02-07 07:40:39"
"LD0000000000290","CUS0000000575","COL000000000195","COLR0000000000000290","Unsecured",5.42,"023D","2023-10-01","2024-01-17",508021882,508021882,"IND05","Active","Bullet Payment",\N,\N,"VN00000013","2023-10-01 23:21:45","2023-10-01 23:21:45"
"LD0000000000291","CUS0000000218","COL000000000181","COLR0000000000000291","Secured",3.01,"004D","2023-11-20","2024-05-25",577531502,577531502,"IND12","Active","Quarterly",\N,\N,"VN00000004","2023-11-20 06:10:10","2023-11-20 06:10:10"
"LD0000000000292","CUS0000000053","COL000000000297","COLR0000000000000292","Unsecured",6.85,"006W","2023-11-11","2024-09-20",650229169,650229169,"IND14","Active","Weekly",\N,\N,"VN00000001","2023-11-11 05:51:09","2023-11-11 05:51:09"
"LD0000000000293","CUS0000000338","COL000000000119","COLR0000000000000293","Secured",4.19,"018D","2023-09-09","2024-03-23",513646070,513646070,"IND01","Active","Quarterly",\N,\N,"VN00000014","2023-09-09 20:17:10","2023-09-09 20:17:10"
"LD0000000000294","CUS0000000289","COL000000000148","COLR0000000000000294","Overdraft",8.61,"003M","2023-12-25","2024-05-27",714137833,714137833,"IND17","Active","Monthly",\N,\N,"VN00000013","2023-12-25 06:42:27","2023-12-25 06:42:27"
"LD0000000000295","CUS0000000419","COL000000000147","COLR0000000000000295","Unsecured",6.15,"009W","2023-08-24","2023-12-06",167932588,167932588,"IND06","Active","Semi-Annual",\N,\N,"VN00000009","2023-08-24 03:34:30","2023-08-24 03:34:30"
"LDPD00000000296","CUS0000000359","COL000000000248","COLR0000000000000296","Unsecured",6.51,"016D","2024-03-31","2024-09-03",874059895,0,"IND16","Repaid","Annual",\N,\N,"VN00000020","2024-03-31 10:57:22","2024-03-31 10:57:22"
"LD0000000000297","CUS0000000511","COL000000000042","COLR0000000000000297","Secured",3.61,"004D","2024-03-18","2024-11-05",456715514,456715514,"IND20","Active","Semi-Annual",\N,\N,"VN00000011","2024-03-18 02:26:40","2024-03-18 02:26:40"
"LDPD00000000298","CUS0000000816","COL000000000108","COLR0000000000000298","Secured",4.95,"014M","2023-11-13","2024-02-20",422589929,0,"IND11","Repaid","Annual",\N,\N,"VN00000007","2023-11-13 08:20:47","2023-11-13 08:20:47"
"LDPD00000000299","CUS0000000792","COL000000000122","COLR0000000000000299","Secured",4.94,"006W","2024-03-31","2024-09-26",889065340,0,"IND16","Repaid","Annual",\N,\N,"VN00000008","2024-03-31 12:10:51","2024-03-31 12:10:51"
"LD0000000000300","CUS0000000048","COL000000000161","COLR0000000000000300","Secured",3.73,"009W","2023-11-09","2024-09-22",314533665,314533665,"IND19","Active","Annual",\N,\N,"VN00000006","2023-11-09 12:05:47","2023-11-09 12:05:47"
